﻿{"cameraMode":{"drawMode":0,"name":"Shaded","section":"Shading Mode"},"sceneLighting":false,"audioPlay":false,"sceneViewState":{"showFog":true,"showMaterialUpdate":true,"showSkybox":true,"showFlares":true,"showImageEffects":true,"showParticleSystems":true},"in2DMode":false,"pivot":{"x":15.079882621765137,"y":-5.161044120788574,"z":5.456291198730469},"rotation":{"x":-0.1510263830423355,"y":-0.6630953550338745,"z":0.13912370800971986,"w":-0.7198195457458496},"size":35.78182601928711,"orthographic":false}