﻿{"cameraMode":{"drawMode":0,"name":"Shaded","section":"Shading Mode"},"sceneLighting":false,"audioPlay":false,"sceneViewState":{"showFog":true,"showMaterialUpdate":true,"showSkybox":true,"showFlares":true,"showImageEffects":true,"showParticleSystems":true},"in2DMode":false,"pivot":{"x":0.6874119639396668,"y":1.023021936416626,"z":-0.5958210825920105},"rotation":{"x":-0.02684604749083519,"y":-0.973145067691803,"z":0.16385339200496674,"w":-0.1594363898038864},"size":2.5378189086914064,"orthographic":false}